171346373session:2024-04-18 19:39:51.935580,porto.csv
1713465594000,('53', '50', '-8.603039659296448', '41.17307089713518', '2'),-8.603487,41.172992
1713465595000,(-8.603039659296448, 41.17307089713518, 2.0),-8.603487,41.172977
1713465596000,(-8.603039659296448, 41.17307089713518, 2.0),-8.603488,41.172967
1713465597000,(-8.603039659296448, 41.17307089713518, 2.0),-8.603485,41.17296
1713465598000,(-8.603039659296448, 41.17307089713518, 2.0),-8.603498,41.172938
1713465607000,(-8.603039659296448, 41.17307089713518, 2.0),-8.603607,41.172925
1713465608000,(-8.603039659296448, 41.17307089713518, 2.0),-8.603607,41.172925
1713465609000,(-8.603039659296448, 41.17307089713518, 2.0),-8.603607,41.172925
1713465610000,(-8.603039659296448, 41.17307089713518, 2.0),-8.603622,41.172967
1713465611000,(-8.603039659296448, 41.17307089713518, 2.0),-8.603627,41.172968
1713465612000,(-8.603039659296448, 41.17307089713518, 2.0),-8.603633,41.17297
1713465613000,(-8.604234190494484, 41.17307089713518, 2.0),-8.603638,41.172982
1713465614000,(-8.604234190494484, 41.17307089713518, 2.0),-8.603645,41.172993
1713465615000,(-8.604234190494484, 41.17307089713518, 2.0),-8.603647,41.172997
1713465619000,(-8.604234190494484, 41.17307089713518, 2.0),-8.603658,41.173025
1713465620000,(-8.604234190494484, 41.17307089713518, 2.0),-8.60366,41.17304
1713465621000,(-8.604234190494484, 41.17307089713518, 2.0),-8.603662,41.173055
1713465622000,(-8.604234190494484, 41.17307089713518, 2.0),-8.603663,41.173068
1713465623000,(-8.604234190494484, 41.17307089713518, 2.0),-8.603667,41.17308
1713465624000,(-8.604234190494484, 41.17307089713518, 2.0),-8.603668,41.173097
1713465625000,(-8.604234190494484, 41.17307089713518, 2.0),-8.603667,41.173112
1713465626000,(-8.604234190494484, 41.17307089713518, 2.0),-8.603665,41.173127
1713465627000,(-8.604234190494484, 41.17307089713518, 2.0),-8.603667,41.173148
1713465631000,(-8.604234190494484, 41.17307089713518, 2.0),-8.603702,41.17323
1713465632000,(-8.604234190494484, 41.17307089713518, 2.0),-8.603702,41.173252
1713465633000,(-8.604234190494484, 41.17307089713518, 2.0),-8.603698,41.173273
1713465634000,(-8.604234190494484, 41.17307089713518, 2.0),-8.603698,41.173293
1713465635000,(-8.604234190494484, 41.17307089713518, 2.0),-8.603692,41.173317
1713465636000,(-8.604234190494484, 41.17307089713518, 2.0),-8.60369,41.173332
1713465637000,(-8.604234190494484, 41.17307089713518, 2.0),-8.60369,41.173352
1713465638000,(-8.604234190494484, 41.17307089713518, 2.0),-8.603692,41.173368
1713465639000,(-8.604234190494484, 41.17307089713518, 2.0),-8.603688,41.173378
1713465643000,(-8.604234190494484, 41.17307089713518, 2.0),-8.603688,41.173458
1713465644000,(-8.604234190494484, 41.17307089713518, 2.0),-8.60369,41.17349
1713465645000,(-8.604234190494484, 41.17307089713518, 2.0),-8.60369,41.173515
1713465646000,(-8.604234190494484, 41.173974408969755, 2.0),-8.603688,41.173542
1713465647000,(-8.604234190494484, 41.173974408969755, 2.0),-8.603687,41.173567
1713465648000,(-8.604234190494484, 41.173974408969755, 2.0),-8.60369,41.173572
1713465649000,(-8.604234190494484, 41.173974408969755, 2.0),-8.60369,41.173582
1713465650000,(-8.604234190494484, 41.173974408969755, 2.0),-8.603702,41.173592
1713465651000,(-8.604234190494484, 41.173974408969755, 2.0),-8.603705,41.173605
1713465655000,(-8.604234190494484, 41.173974408969755, 2.0),-8.60371,41.173647
1713465656000,(-8.604234190494484, 41.173974408969755, 2.0),-8.603713,41.173653
1713465657000,(-8.604234190494484, 41.173974408969755, 2.0),-8.603708,41.173642
1713465658000,(-8.604234190494484, 41.173974408969755, 2.0),-8.603698,41.173622
1713465659000,(-8.604234190494484, 41.173974408969755, 2.0),-8.603698,41.173625
1713465660000,(-8.604234190494484, 41.173974408969755, 2.0),-8.603702,41.17362
1713465661000,(-8.604234190494484, 41.173974408969755, 2.0),-8.603703,41.17362
1713465662000,(-8.604234190494484, 41.173974408969755, 2.0),-8.603705,41.173615
1713465663000,(-8.604234190494484, 41.173974408969755, 2.0),-8.60371,41.17362
1713465667000,(-8.604234190494484, 41.173974408969755, 2.0),-8.603718,41.173653
1713465668000,(-8.604234190494484, 41.173974408969755, 2.0),-8.603718,41.173667
1713465669000,(-8.604234190494484, 41.173974408969755, 2.0),-8.603723,41.17368
1713465670000,(-8.604234190494484, 41.173974408969755, 2.0),-8.603727,41.173688
1713465671000,(-8.604234190494484, 41.173974408969755, 2.0),-8.60373,41.173702
1713465672000,(-8.604234190494484, 41.173974408969755, 2.0),-8.603732,41.17372
1713465673000,(-8.604234190494484, 41.173974408969755, 2.0),-8.603732,41.17374
1713465674000,(-8.604234190494484, 41.173974408969755, 2.0),-8.603735,41.173753
1713465675000,(-8.604234190494484, 41.173974408969755, 2.0),-8.603742,41.173763
1713465679000,(-8.604234190494484, 41.173974408969755, 2.0),-8.603737,41.173813
1713465680000,(-8.604234190494484, 41.173974408969755, 2.0),-8.603737,41.173828
1713465681000,(-8.604234190494484, 41.173974408969755, 2.0),-8.60374,41.173842
1713465682000,(-8.604234190494484, 41.173974408969755, 2.0),-8.603742,41.173857
1713465683000,(-8.604234190494484, 41.173974408969755, 2.0),-8.603743,41.173868
1713465684000,(-8.604234190494484, 41.173974408969755, 2.0),-8.603748,41.173877
1713465685000,(-8.604234190494484, 41.173974408969755, 2.0),-8.60375,41.173887
1713465686000,(-8.604234190494484, 41.173974408969755, 2.0),-8.603755,41.173898
1713465687000,(-8.604234190494484, 41.173974408969755, 2.0),-8.603757,41.173907
1713465691000,(-8.604234190494484, 41.173974408969755, 2.0),-8.603767,41.173943
1713465692000,(-8.604234190494484, 41.173974408969755, 2.0),-8.60377,41.173952
1713465693000,(-8.604234190494484, 41.173974408969755, 2.0),-8.603768,41.173965
1713465695000,(-8.604234190494484, 41.173974408969755, 2.0),-8.603765,41.17398
1713465696000,(-8.604234190494484, 41.173974408969755, 2.0),-8.603767,41.173993
1713465697000,(-8.604234190494484, 41.173974408969755, 2.0),-8.603767,41.17401
1713465698000,(-8.604234190494484, 41.173974408969755, 2.0),-8.603767,41.174027
1713465699000,(-8.604234190494484, 41.173974408969755, 2.0),-8.603765,41.174045
1713465700000,(-8.604234190494484, 41.173974408969755, 2.0),-8.603763,41.174058
1713465704000,(-8.604234190494484, 41.173974408969755, 2.0),-8.603772,41.1741
1713465705000,(-8.604234190494484, 41.173974408969755, 2.0),-8.603773,41.17411
1713465706000,(-8.604234190494484, 41.173974408969755, 2.0),-8.603777,41.17412
1713465708000,(-8.604234190494484, 41.173974408969755, 2.0),-8.60378,41.174138
1713465709000,(-8.604234190494484, 41.173974408969755, 2.0),-8.603777,41.174152
1713465710000,(-8.604234190494484, 41.173974408969755, 2.0),-8.603777,41.174165
1713465712000,(-8.604234190494484, 41.173974408969755, 2.0),-8.603775,41.1742
1713465713000,(-8.604234190494484, 41.173974408969755, 2.0),-8.603778,41.174212
1713465714000,(-8.604234190494484, 41.173974408969755, 2.0),-8.60377,41.174237
1713465716000,(-8.604234190494484, 41.173974408969755, 2.0),-8.603765,41.174268
1713465717000,(-8.604234190494484, 41.173974408969755, 2.0),-8.603765,41.174282
1713465718000,(-8.604234190494484, 41.173974408969755, 2.0),-8.603762,41.174307
1713465720000,(-8.604234190494484, 41.173974408969755, 2.0),-8.60375,41.174355
1713465721000,(-8.604234190494484, 41.173974408969755, 2.0),-8.603752,41.174365
1713465721000,(-8.604234190494484, 41.173974408969755, 2.0),-8.603755,41.174375
1713465723000,(-8.604234190494484, 41.173974408969755, 2.0),-8.603763,41.174385
1713465726000,(-8.604234190494484, 41.173974408969755, 2.0),-8.603783,41.174412
1713465727000,(-8.604234190494484, 41.173974408969755, 2.0),-8.603787,41.174422
1713465728000,(-8.604234190494484, 41.174877920804335, 2.0),-8.603792,41.174427
1713465729000,(-8.604234190494484, 41.174877920804335, 2.0),-8.603795,41.174443
1713465730000,(-8.604234190494484, 41.174877920804335, 2.0),-8.603798,41.174455
1713465731000,(-8.604234190494484, 41.174877920804335, 2.0),-8.603797,41.174475
1713465732000,(-8.604234190494484, 41.174877920804335, 2.0),-8.603798,41.174482
1713465733000,(-8.604234190494484, 41.174877920804335, 2.0),-8.603795,41.1745
1713465734000,(-8.604234190494484, 41.174877920804335, 2.0),-8.603793,41.17451
1713465735000,(-8.604234190494484, 41.174877920804335, 2.0),-8.60379,41.17452
1713465745000,(-8.604234190494484, 41.174877920804335, 2.0),-8.603762,41.174675
1713465746000,(-8.604234190494484, 41.174877920804335, 2.0),-8.603768,41.174692
1713465747000,(-8.604234190494484, 41.174877920804335, 2.0),-8.603775,41.174713
1713465748000,(-8.604234190494484, 41.174877920804335, 2.0),-8.603782,41.174732
1713465749000,(-8.604234190494484, 41.174877920804335, 2.0),-8.603785,41.174745
1713465750000,(-8.604234190494484, 41.174877920804335, 2.0),-8.603782,41.174755
1713465751000,(-8.604234190494484, 41.174877920804335, 2.0),-8.603782,41.174763
1713465752000,(-8.604234190494484, 41.174877920804335, 2.0),-8.603777,41.174775
1713465753000,(-8.604234190494484, 41.174877920804335, 2.0),-8.603772,41.174783
1713465757000,(-8.604234190494484, 41.174877920804335, 2.0),-8.603765,41.174827
1713465758000,(-8.604234190494484, 41.174877920804335, 2.0),-8.603763,41.174842
1713465759000,(-8.604234190494484, 41.174877920804335, 2.0),-8.603762,41.174858
1713465760000,(-8.604234190494484, 41.174877920804335, 2.0),-8.603758,41.174875
1713465760000,(-8.604234190494484, 41.174877920804335, 2.0),-8.603758,41.174887
1713465761000,(-8.604234190494484, 41.174877920804335, 2.0),-8.603763,41.174898
1713465762000,(-8.604234190494484, 41.174877920804335, 2.0),-8.60377,41.174907
1713465763000,(-8.604234190494484, 41.174877920804335, 2.0),-8.603772,41.174917
1713465764000,(-8.604234190494484, 41.174877920804335, 2.0),-8.603772,41.174927
1713465765000,(-8.604234190494484, 41.174877920804335, 2.0),-8.603768,41.17494
1713465775000,(-8.604234190494484, 41.174877920804335, 2.0),-8.603765,41.175058
1713465776000,(-8.604234190494484, 41.174877920804335, 2.0),-8.603765,41.175072
1713465777000,(-8.604234190494484, 41.174877920804335, 2.0),-8.603765,41.175085
1713465778000,(-8.604234190494484, 41.174877920804335, 2.0),-8.603765,41.175097
1713465779000,(-8.604234190494484, 41.174877920804335, 2.0),-8.603767,41.175113
1713465780000,(-8.604234190494484, 41.174877920804335, 2.0),-8.603772,41.175127
1713465781000,(-8.604234190494484, 41.174877920804335, 2.0),-8.603773,41.175142
1713465782000,(-8.604234190494484, 41.174877920804335, 2.0),-8.603773,41.175157
1713465783000,(-8.604234190494484, 41.174877920804335, 2.0),-8.603773,41.175173
1713465787000,(-8.604234190494484, 41.174877920804335, 2.0),-8.603778,41.175247
1713465788000,(-8.604234190494484, 41.174877920804335, 2.0),-8.603787,41.175257
1713465789000,(-8.604234190494484, 41.174877920804335, 2.0),-8.603792,41.17527
1713465790000,(-8.604234190494484, 41.174877920804335, 2.0),-8.603795,41.175285
1713465791000,(-8.604234190494484, 41.174877920804335, 2.0),-8.603797,41.175298
1713465792000,(-8.604234190494484, 41.174877920804335, 2.0),-8.603798,41.175313
1713465793000,(-8.604234190494484, 41.174877920804335, 2.0),-8.6038,41.175328
1713465794000,(-8.604234190494484, 41.17578143263891, 2.0),-8.6038,41.175345
1713465796000,(-8.604234190494484, 41.17578143263891, 2.0),-8.603798,41.175363
1713465800000,(-8.604234190494484, 41.17578143263891, 2.0),-8.603797,41.175425
1713465801000,(-8.604234190494484, 41.17578143263891, 2.0),-8.603795,41.175443
1713465802000,(-8.604234190494484, 41.17578143263891, 2.0),-8.603795,41.17546
1713465803000,(-8.604234190494484, 41.17578143263891, 2.0),-8.603798,41.17547
1713465805000,(-8.604234190494484, 41.17578143263891, 2.0),-8.603802,41.175497
1713465806000,(-8.604234190494484, 41.17578143263891, 2.0),-8.603802,41.175512
1713465807000,(-8.604234190494484, 41.17578143263891, 2.0),-8.603807,41.175517
1713465809000,(-8.604234190494484, 41.17578143263891, 2.0),-8.60382,41.175525
1713465810000,(-8.604234190494484, 41.17578143263891, 2.0),-8.603825,41.175532
1713465811000,(-8.604234190494484, 41.17578143263891, 2.0),-8.603832,41.175535
1713465813000,(-8.604234190494484, 41.17578143263891, 2.0),-8.603843,41.17555
1713465814000,(-8.604234190494484, 41.17578143263891, 2.0),-8.603847,41.175558
1713465815000,(-8.604234190494484, 41.17578143263891, 2.0),-8.603852,41.175567
1713465816000,(-8.604234190494484, 41.17578143263891, 2.0),-8.603858,41.175575
1713465818000,(-8.604234190494484, 41.17578143263891, 2.0),-8.603862,41.175598
1713465819000,(-8.604234190494484, 41.17578143263891, 2.0),-8.603862,41.175613
1713465820000,(-8.604234190494484, 41.17578143263891, 2.0),-8.603865,41.175628
1713465823000,(-8.604234190494484, 41.17578143263891, 2.0),-8.603868,41.175672
1713465824000,(-8.604234190494484, 41.17578143263891, 2.0),-8.60387,41.175685
1713465825000,(-8.604234190494484, 41.17578143263891, 2.0),-8.603868,41.175702
1713465826000,(-8.604234190494484, 41.17578143263891, 2.0),-8.603865,41.175718
1713465827000,(-8.604234190494484, 41.17578143263891, 2.0),-8.603863,41.175735
1713465828000,(-8.604234190494484, 41.17578143263891, 2.0),-8.603863,41.175752
1713465829000,(-8.604234190494484, 41.17578143263891, 2.0),-8.603865,41.175768
1713465830000,(-8.604234190494484, 41.17578143263891, 2.0),-8.603865,41.175785
1713465831000,(-8.604234190494484, 41.17578143263891, 2.0),-8.60386,41.175807
1713465835000,(-8.604234190494484, 41.17578143263891, 2.0),-8.603867,41.175857
1713465836000,(-8.604234190494484, 41.17578143263891, 2.0),-8.603865,41.175873
1713465837000,(-8.604234190494484, 41.17578143263891, 2.0),-8.603863,41.17589
1713465838000,(-8.604234190494484, 41.17578143263891, 2.0),-8.603862,41.175903
1713465839000,(-8.604234190494484, 41.17578143263891, 2.0),-8.60386,41.175918
1713465840000,(-8.604234190494484, 41.17578143263891, 2.0),-8.603858,41.175935
1713465841000,(-8.604234190494484, 41.17578143263891, 2.0),-8.603855,41.17595
1713465842000,(-8.604234190494484, 41.17578143263891, 2.0),-8.603852,41.175965
1713465843000,(-8.604234190494484, 41.17578143263891, 2.0),-8.603848,41.175977
1713465844000,(-8.604234190494484, 41.17578143263891, 2.0),-8.603848,41.175988
1713465847000,(-8.604234190494484, 41.17578143263891, 2.0),-8.603845,41.17603
1713465848000,(-8.604234190494484, 41.17578143263891, 2.0),-8.603845,41.176042
1713465849000,(-8.604234190494484, 41.17578143263891, 2.0),-8.603847,41.176053
1713465850000,(-8.604234190494484, 41.17578143263891, 2.0),-8.603847,41.176067
1713465851000,(-8.604234190494484, 41.17578143263891, 2.0),-8.603848,41.176078
1713465852000,(-8.604234190494484, 41.17578143263891, 2.0),-8.603847,41.176092
1713465853000,(-8.604234190494484, 41.17578143263891, 2.0),-8.60385,41.176108
1713465854000,(-8.604234190494484, 41.17578143263891, 2.0),-8.603852,41.176128
1713465855000,(-8.604234190494484, 41.17578143263891, 2.0),-8.60386,41.176142
1713465859000,(-8.604234190494484, 41.17578143263891, 2.0),-8.603898,41.176192
1713465860000,(-8.604234190494484, 41.17578143263891, 2.0),-8.603915,41.176202
1713465861000,(-8.604234190494484, 41.17578143263891, 2.0),-8.603928,41.176215
1713465862000,(-8.604234190494484, 41.17578143263891, 2.0),-8.60394,41.176225
1713465863000,(-8.604234190494484, 41.176684944473486, 1.0),-8.603952,41.176238
1713465864000,(-8.604234190494484, 41.176684944473486, 1.0),-8.603963,41.176243
1713465865000,(-8.604234190494484, 41.176684944473486, 1.0),-8.603975,41.176252
1713465866000,(-8.604234190494484, 41.176684944473486, 1.0),-8.603983,41.17626
1713465867000,(-8.604234190494484, 41.176684944473486, 1.0),-8.60399,41.17627
1713465868000,(-8.604234190494484, 41.176684944473486, 1.0),-8.603997,41.176278
1713465871000,(-8.604234190494484, 41.176684944473486, 1.0),-8.604008,41.176322
1713465872000,(-8.604234190494484, 41.176684944473486, 1.0),-8.604023,41.176332
1713465873000,(-8.604234190494484, 41.176684944473486, 1.0),-8.604032,41.17634
1713465874000,(-8.604234190494484, 41.176684944473486, 1.0),-8.604038,41.176352
1713465875000,(-8.604234190494484, 41.176684944473486, 1.0),-8.604042,41.176362
1713465876000,(-8.604234190494484, 41.176684944473486, 1.0),-8.604043,41.176373
1713465877000,(-8.604234190494484, 41.176684944473486, 1.0),-8.604045,41.176387
1713465878000,(-8.604234190494484, 41.176684944473486, 1.0),-8.604043,41.1764
1713465879000,(-8.604234190494484, 41.176684944473486, 1.0),-8.604043,41.176412
1713465883000,(-8.604234190494484, 41.176684944473486, 1.0),-8.604042,41.176455
1713465884000,(-8.604234190494484, 41.176684944473486, 1.0),-8.604042,41.176467
1713465885000,(-8.604234190494484, 41.176684944473486, 1.0),-8.60404,41.176477
1713465886000,(-8.604234190494484, 41.176684944473486, 1.0),-8.604045,41.176495
1713465887000,(-8.604234190494484, 41.176684944473486, 1.0),-8.604048,41.17651
1713465888000,(-8.604234190494484, 41.176684944473486, 1.0),-8.604057,41.176527
1713465889000,(-8.604234190494484, 41.176684944473486, 1.0),-8.604065,41.17654
1713465890000,(-8.604234190494484, 41.176684944473486, 1.0),-8.604073,41.176548
1713465891000,(-8.604234190494484, 41.176684944473486, 1.0),-8.604085,41.17656
1713465895000,(-8.604234190494484, 41.176684944473486, 1.0),-8.604113,41.176603
1713465896000,(-8.604234190494484, 41.176684944473486, 1.0),-8.60412,41.176615
1713465897000,(-8.604234190494484, 41.176684944473486, 1.0),-8.60413,41.176625
1713465898000,(-8.604234190494484, 41.176684944473486, 1.0),-8.604135,41.176637
1713465899000,(-8.604234190494484, 41.176684944473486, 1.0),-8.604143,41.176647
1713465900000,(-8.604234190494484, 41.176684944473486, 1.0),-8.604157,41.176655
1713465901000,(-8.604234190494484, 41.176684944473486, 1.0),-8.604165,41.176668
1713465902000,(-8.604234190494484, 41.176684944473486, 1.0),-8.60418,41.176673
1713465903000,(-8.604234190494484, 41.176684944473486, 1.0),-8.604193,41.176682
1713465907000,(-8.604234190494484, 41.176684944473486, 1.0),-8.60424,41.176725
1713465908000,(-8.604234190494484, 41.176684944473486, 1.0),-8.604252,41.176735
1713465909000,(-8.604234190494484, 41.176684944473486, 1.0),-8.604263,41.176743
1713465910000,(-8.604234190494484, 41.176684944473486, 1.0),-8.604267,41.176763
1713465911000,(-8.604234190494484, 41.176684944473486, 1.0),-8.604275,41.176778
1713465912000,(-8.604234190494484, 41.176684944473486, 1.0),-8.604282,41.176795
1713465913000,(-8.604234190494484, 41.176684944473486, 1.0),-8.604288,41.176807
1713465914000,(-8.604234190494484, 41.176684944473486, 1.0),-8.604298,41.176813
1713465915000,(-8.604234190494484, 41.176684944473486, 1.0),-8.604307,41.176822
1713465916000,(-8.604234190494484, 41.176684944473486, 1.0),-8.60431,41.176837
1713465926000,(-8.604234190494484, 41.176684944473486, 1.0),-8.60442,41.176952
1713465927000,(-8.604234190494484, 41.176684944473486, 1.0),-8.604438,41.17696
1713465928000,(-8.604234190494484, 41.176684944473486, 1.0),-8.604452,41.17697
1713465929000,(-8.604234190494484, 41.176684944473486, 1.0),-8.604465,41.176977
1713465930000,(-8.604234190494484, 41.176684944473486, 1.0),-8.604477,41.176987
1713465931000,(-8.604234190494484, 41.176684944473486, 1.0),-8.604493,41.176993
1713465932000,(-8.604234190494484, 41.176684944473486, 1.0),-8.604507,41.176998
1713465933000,(-8.604234190494484, 41.176684944473486, 1.0),-8.604528,41.177002
1713465934000,(-8.604234190494484, 41.176684944473486, 1.0),-8.604543,41.177007
1713465938000,(-8.604234190494484, 41.176684944473486, 1.0),-8.604612,41.177042
1713465939000,(-8.604234190494484, 41.176684944473486, 1.0),-8.604625,41.177057
1713465940000,(-8.604234190494484, 41.176684944473486, 1.0),-8.60464,41.17707
1713465941000,(-8.604234190494484, 41.176684944473486, 1.0),-8.604648,41.177088
1713465942000,(-8.604234190494484, 41.176684944473486, 1.0),-8.604663,41.177098
1713465943000,(-8.604234190494484, 41.176684944473486, 1.0),-8.604673,41.17711
1713465944000,(-8.604234190494484, 41.176684944473486, 1.0),-8.604688,41.17712
1713465945000,(-8.604234190494484, 41.176684944473486, 1.0),-8.6047,41.177133
1713465946000,(-8.604234190494484, 41.17758845630806, 1.0),-8.60471,41.177143
1713465950000,(-8.604234190494484, 41.17758845630806, 1.0),-8.604753,41.177183
1713465951000,(-8.604234190494484, 41.17758845630806, 1.0),-8.604772,41.17719
1713465952000,(-8.604234190494484, 41.17758845630806, 1.0),-8.60479,41.177197
1713465953000,(-8.604234190494484, 41.17758845630806, 1.0),-8.604807,41.177205
1713465954000,(-8.604234190494484, 41.17758845630806, 1.0),-8.604823,41.177213
1713465955000,(-8.60542872169252, 41.17758845630806, 1.0),-8.604837,41.177225
1713465956000,(-8.60542872169252, 41.17758845630806, 1.0),-8.604842,41.17724
1713465957000,(-8.60542872169252, 41.17758845630806, 1.0),-8.604862,41.177245
1713465958000,(-8.60542872169252, 41.17758845630806, 1.0),-8.604882,41.177248
1713465962000,(-8.60542872169252, 41.17758845630806, 1.0),-8.604943,41.177257
1713465963000,(-8.60542872169252, 41.17758845630806, 1.0),-8.60496,41.17726
1713465964000,(-8.60542872169252, 41.17758845630806, 1.0),-8.604973,41.17726
1713465965000,(-8.60542872169252, 41.17758845630806, 1.0),-8.60499,41.177257
1713465966000,(-8.60542872169252, 41.17758845630806, 1.0),-8.605008,41.177258
1713465967000,(-8.60542872169252, 41.17758845630806, 1.0),-8.605023,41.177255
1713465967000,(-8.60542872169252, 41.17758845630806, 1.0),-8.605037,41.177248
1713465969000,(-8.60542872169252, 41.17758845630806, 1.0),-8.60505,41.177247
1713465970000,(-8.60542872169252, 41.17758845630806, 1.0),-8.605065,41.177247
1713465974000,(-8.60542872169252, 41.17758845630806, 1.0),-8.605147,41.177248
1713465975000,(-8.60542872169252, 41.17758845630806, 1.0),-8.60517,41.177252
1713465976000,(-8.60542872169252, 41.17758845630806, 1.0),-8.605183,41.177258
1713465977000,(-8.60542872169252, 41.17758845630806, 1.0),-8.605198,41.177268
1713465978000,(-8.60542872169252, 41.17758845630806, 1.0),-8.605205,41.17728
1713465978000,(-8.60542872169252, 41.17758845630806, 1.0),-8.605217,41.177283
1713465980000,(-8.60542872169252, 41.17758845630806, 1.0),-8.605227,41.177288
1713465981000,(-8.60542872169252, 41.17758845630806, 1.0),-8.60524,41.177288
1713465982000,(-8.60542872169252, 41.17758845630806, 1.0),-8.605253,41.177295
1713465986000,(-8.60542872169252, 41.17758845630806, 1.0),-8.605302,41.177333
1713465987000,(-8.60542872169252, 41.17758845630806, 1.0),-8.605312,41.177343
1713465988000,(-8.60542872169252, 41.17758845630806, 1.0),-8.605318,41.177363
1713465989000,(-8.60542872169252, 41.17758845630806, 1.0),-8.605327,41.177378
1713465990000,(-8.60542872169252, 41.17758845630806, 1.0),-8.605338,41.177398
1713465991000,(-8.60542872169252, 41.17758845630806, 1.0),-8.605345,41.177413
1713465992000,(-8.60542872169252, 41.17758845630806, 1.0),-8.605358,41.17742
1713465993000,(-8.60542872169252, 41.17758845630806, 1.0),-8.605362,41.177442
1713465994000,(-8.60542872169252, 41.17758845630806, 1.0),-8.605368,41.177455
1713465995000,(-8.60542872169252, 41.17758845630806, 1.0),-8.605378,41.177465
1713466004000,(-8.60542872169252, 41.17758845630806, 1.0),-8.60557,41.17752
1713466005000,(-8.60542872169252, 41.17758845630806, 1.0),-8.605583,41.177535
1713466006000,(-8.60542872169252, 41.17758845630806, 1.0),-8.605595,41.177548
1713466007000,(-8.60542872169252, 41.17758845630806, 1.0),-8.605607,41.177557
1713466008000,(-8.60542872169252, 41.17758845630806, 1.0),-8.605617,41.177565
1713466009000,(-8.60542872169252, 41.17758845630806, 1.0),-8.60562,41.177582
1713466010000,(-8.60542872169252, 41.17758845630806, 1.0),-8.60563,41.177592
1713466011000,(-8.60542872169252, 41.17758845630806, 1.0),-8.605638,41.177607
1713466012000,(-8.60542872169252, 41.17758845630806, 1.0),-8.605648,41.17762
1713466013000,(-8.60542872169252, 41.17758845630806, 1.0),-8.605657,41.177628
1713466024000,(-8.60542872169252, 41.17758845630806, 1.0),-8.605833,41.177732
1713466024000,(-8.60542872169252, 41.17758845630806, 1.0),-8.605848,41.177745
1713466026000,(-8.60542872169252, 41.17758845630806, 1.0),-8.605865,41.17776
1713466027000,(-8.60542872169252, 41.17758845630806, 1.0),-8.605882,41.177772
1713466027000,(-8.60542872169252, 41.17758845630806, 1.0),-8.605902,41.177778
1713466029000,(-8.60542872169252, 41.17758845630806, 1.0),-8.605918,41.177783
1713466030000,(-8.60542872169252, 41.17758845630806, 1.0),-8.605942,41.177798
1713466030000,(-8.60542872169252, 41.17758845630806, 1.0),-8.605942,41.177813
1713466032000,(-8.60542872169252, 41.17758845630806, 1.0),-8.60596,41.177833
1713466033000,(-8.60542872169252, 41.17758845630806, 1.0),-8.605978,41.17785
1713466043000,(-8.606623252890557, 41.17758845630806, 1.0),-8.606098,41.177958
1713466044000,(-8.606623252890557, 41.17758845630806, 1.0),-8.606113,41.177952
1713466045000,(-8.606623252890557, 41.17758845630806, 1.0),-8.606115,41.177955
1713466046000,(-8.606623252890557, 41.17758845630806, 1.0),-8.606127,41.177958
1713466047000,(-8.606623252890557, 41.17758845630806, 1.0),-8.60614,41.17796
1713466048000,(-8.606623252890557, 41.17758845630806, 1.0),-8.606125,41.17798
1713466049000,(-8.606623252890557, 41.17758845630806, 1.0),-8.606117,41.177992
1713466050000,(-8.606623252890557, 41.17758845630806, 1.0),-8.606123,41.177997
1713466051000,(-8.606623252890557, 41.17758845630806, 1.0),-8.606125,41.177998
1713466055000,(-8.606623252890557, 41.17758845630806, 1.0),-8.606188,41.177985
1713466056000,(-8.606623252890557, 41.17758845630806, 1.0),-8.606208,41.177992
1713466057000,(-8.606623252890557, 41.17758845630806, 1.0),-8.606228,41.177987
1713466058000,(-8.606623252890557, 41.17758845630806, 1.0),-8.606215,41.178023
1713466059000,(-8.606623252890557, 41.17849196814263, 1.0),-8.606218,41.178043
1713466060000,(-8.606623252890557, 41.17849196814263, 1.0),-8.60623,41.17805
1713466061000,(-8.606623252890557, 41.17849196814263, 1.0),-8.60624,41.178057
1713466062000,(-8.606623252890557, 41.17849196814263, 1.0),-8.606252,41.178063
1713466063000,(-8.606623252890557, 41.17849196814263, 1.0),-8.606263,41.178073
1713466067000,(-8.606623252890557, 41.17849196814263, 1.0),-8.606298,41.17814
1713466068000,(-8.606623252890557, 41.17849196814263, 1.0),-8.606307,41.178153
1713466069000,(-8.606623252890557, 41.17849196814263, 1.0),-8.60632,41.178172
1713466070000,(-8.606623252890557, 41.17849196814263, 1.0),-8.606327,41.178183
1713466071000,(-8.606623252890557, 41.17849196814263, 1.0),-8.606335,41.178187
1713466072000,(-8.606623252890557, 41.17849196814263, 1.0),-8.606343,41.178193
1713466073000,(-8.606623252890557, 41.17849196814263, 1.0),-8.606358,41.178193
1713466074000,(-8.606623252890557, 41.17849196814263, 1.0),-8.606375,41.178192
1713466075000,(-8.606623252890557, 41.17849196814263, 1.0),-8.606392,41.178203
1713466076000,(-8.606623252890557, 41.17849196814263, 1.0),-8.606422,41.178213
1713466087000,(-8.606623252890557, 41.17849196814263, 1.0),-8.60648,41.17813
1713466088000,(-8.606623252890557, 41.17849196814263, 1.0),-8.606483,41.17812
1713466089000,(-8.606623252890557, 41.17849196814263, 1.0),-8.606488,41.17811
1713466090000,(-8.606623252890557, 41.17849196814263, 1.0),-8.606488,41.178105
1713466091000,(-8.606623252890557, 41.17849196814263, 1.0),-8.60649,41.1781
1713466092000,(-8.606623252890557, 41.17849196814263, 1.0),-8.606493,41.178088
1713466093000,(-8.606623252890557, 41.17849196814263, 1.0),-8.606497,41.178078
1713466094000,(-8.606623252890557, 41.17849196814263, 1.0),-8.606498,41.178068
1713466095000,(-8.606623252890557, 41.17849196814263, 1.0),-8.606502,41.178057
1713466099000,(-8.606623252890557, 41.17758845630806, 1.0),-8.606535,41.17802
1713466099000,(-8.606623252890557, 41.17758845630806, 1.0),-8.606553,41.178003
1713466101000,(-8.606623252890557, 41.17758845630806, 1.0),-8.606568,41.177992
1713466102000,(-8.606623252890557, 41.17758845630806, 1.0),-8.606583,41.177977
1713466103000,(-8.606623252890557, 41.17758845630806, 1.0),-8.606593,41.177968
1713466104000,(-8.606623252890557, 41.17758845630806, 1.0),-8.606607,41.177965
1713466105000,(-8.606623252890557, 41.17758845630806, 1.0),-8.60662,41.17796
1713466106000,(-8.606623252890557, 41.17758845630806, 1.0),-8.60663,41.177962
1713466107000,(-8.606623252890557, 41.17758845630806, 1.0),-8.606642,41.17796
1713466111000,(-8.606623252890557, 41.17758845630806, 1.0),-8.606668,41.177952
1713466112000,(-8.606623252890557, 41.17758845630806, 1.0),-8.606675,41.177945
1713466113000,(-8.606623252890557, 41.17758845630806, 1.0),-8.606685,41.177938
1713466114000,(-8.606623252890557, 41.17758845630806, 1.0),-8.606693,41.177925
1713466115000,(-8.606623252890557, 41.17758845630806, 1.0),-8.606708,41.17792
1713466116000,(-8.606623252890557, 41.17758845630806, 1.0),-8.60673,41.177912
1713466117000,(-8.606623252890557, 41.17758845630806, 1.0),-8.606747,41.177903
1713466118000,(-8.606623252890557, 41.17758845630806, 1.0),-8.606767,41.177888
1713466119000,(-8.606623252890557, 41.17758845630806, 1.0),-8.606775,41.177882
1713466123000,(-8.606623252890557, 41.17758845630806, 1.0),-8.60683,41.177827
1713466124000,(-8.606623252890557, 41.17758845630806, 1.0),-8.606842,41.177815
1713466125000,(-8.606623252890557, 41.17758845630806, 1.0),-8.606858,41.1778
1713466126000,(-8.606623252890557, 41.17758845630806, 1.0),-8.606873,41.177788
1713466127000,(-8.606623252890557, 41.17758845630806, 1.0),-8.60689,41.177777
1713466128000,(-8.606623252890557, 41.17758845630806, 1.0),-8.606905,41.177758
1713466129000,(-8.606623252890557, 41.17758845630806, 1.0),-8.606918,41.177745
1713466130000,(-8.606623252890557, 41.17758845630806, 1.0),-8.606927,41.17774
1713466131000,(-8.606623252890557, 41.17758845630806, 1.0),-8.606933,41.177732
1713466135000,(-8.606623252890557, 41.17758845630806, 1.0),-8.606965,41.177677
1713466136000,(-8.606623252890557, 41.17758845630806, 1.0),-8.606975,41.177662
1713466137000,(-8.606623252890557, 41.17758845630806, 1.0),-8.606993,41.17765
1713466138000,(-8.606623252890557, 41.17758845630806, 1.0),-8.607007,41.177638
1713466139000,(-8.606623252890557, 41.17758845630806, 1.0),-8.607017,41.177632
1713466140000,(-8.606623252890557, 41.17758845630806, 1.0),-8.607028,41.177623
1713466141000,(-8.606623252890557, 41.17758845630806, 1.0),-8.607038,41.177618
1713466142000,(-8.606623252890557, 41.17758845630806, 1.0),-8.607052,41.17761
1713466143000,(-8.606623252890557, 41.17758845630806, 1.0),-8.607063,41.177602
1713466147000,(-8.606623252890557, 41.17758845630806, 1.0),-8.60709,41.177577
1713466148000,(-8.606623252890557, 41.17758845630806, 1.0),-8.607102,41.177572
1713466149000,(-8.606623252890557, 41.17758845630806, 1.0),-8.60711,41.177567
1713466150000,(-8.606623252890557, 41.17758845630806, 1.0),-8.607123,41.177557
1713466151000,(-8.606623252890557, 41.17758845630806, 1.0),-8.607138,41.177543
1713466152000,(-8.606623252890557, 41.17758845630806, 1.0),-8.607153,41.177525
1713466153000,(-8.606623252890557, 41.17758845630806, 1.0),-8.607163,41.177515
1713466154000,(-8.606623252890557, 41.17758845630806, 1.0),-8.607177,41.177515
1713466155000,(-8.606623252890557, 41.17758845630806, 1.0),-8.607195,41.177498
1713466159000,(-8.607817784088594, 41.17758845630806, 1.0),-8.607248,41.177448
1713466160000,(-8.607817784088594, 41.17758845630806, 1.0),-8.607267,41.177433
1713466161000,(-8.607817784088594, 41.17758845630806, 1.0),-8.60728,41.177423
1713466162000,(-8.607817784088594, 41.17758845630806, 1.0),-8.607285,41.177428
1713466163000,(-8.607817784088594, 41.17758845630806, 1.0),-8.607305,41.17741
1713466164000,(-8.607817784088594, 41.17758845630806, 1.0),-8.607317,41.177392
1713466165000,(-8.607817784088594, 41.17758845630806, 1.0),-8.607333,41.17738
1713466166000,(-8.607817784088594, 41.17758845630806, 1.0),-8.607347,41.177367
1713466167000,(-8.607817784088594, 41.17758845630806, 1.0),-8.607357,41.177353
1713466171000,(-8.607817784088594, 41.17758845630806, 1.0),-8.607395,41.17731
1713466172000,(-8.607817784088594, 41.17758845630806, 1.0),-8.607408,41.177292
1713466173000,(-8.607817784088594, 41.17758845630806, 1.0),-8.60742,41.177285
1713466174000,(-8.607817784088594, 41.17758845630806, 1.0),-8.607432,41.177278
1713466175000,(-8.607817784088594, 41.17758845630806, 1.0),-8.607442,41.177272
1713466176000,(-8.607817784088594, 41.17758845630806, 1.0),-8.607452,41.177262
1713466177000,(-8.607817784088594, 41.17758845630806, 1.0),-8.60746,41.17725
1713466178000,(-8.607817784088594, 41.17758845630806, 1.0),-8.607473,41.177237
1713466179000,(-8.607817784088594, 41.17758845630806, 1.0),-8.607485,41.177225
1713466183000,(-8.607817784088594, 41.17758845630806, 1.0),-8.607535,41.177183
1713466184000,(-8.607817784088594, 41.17758845630806, 1.0),-8.607545,41.177172
1713466185000,(-8.607817784088594, 41.17758845630806, 1.0),-8.60756,41.177157
1713466186000,(-8.607817784088594, 41.17758845630806, 1.0),-8.60757,41.17714
1713466188000,(-8.607817784088594, 41.176684944473486, 2.0),-8.607588,41.177107
1713466188000,(-8.607817784088594, 41.176684944473486, 2.0),-8.607602,41.177088
1713466189000,(-8.607817784088594, 41.176684944473486, 2.0),-8.607617,41.177072
1713466190000,(-8.607817784088594, 41.176684944473486, 2.0),-8.607623,41.177052
1713466191000,(-8.607817784088594, 41.176684944473486, 2.0),-8.607635,41.177038
1713466195000,(-8.607817784088594, 41.176684944473486, 2.0),-8.607668,41.17703
1713466196000,(-8.607817784088594, 41.176684944473486, 2.0),-8.607678,41.177033
1713466197000,(-8.607817784088594, 41.176684944473486, 2.0),-8.607692,41.177047
1713466198000,(-8.607817784088594, 41.176684944473486, 2.0),-8.607708,41.177055
1713466199000,(-8.607817784088594, 41.176684944473486, 2.0),-8.607727,41.177062
1713466200000,(-8.607817784088594, 41.176684944473486, 2.0),-8.60774,41.177073
1713466201000,(-8.607817784088594, 41.176684944473486, 2.0),-8.607753,41.177082
1713466202000,(-8.607817784088594, 41.176684944473486, 2.0),-8.607765,41.177092
1713466203000,(-8.607817784088594, 41.176684944473486, 2.0),-8.607777,41.177098
1713466206000,(-8.607817784088594, 41.17758845630806, 1.0),-8.607787,41.177137
1713466207000,(-8.607817784088594, 41.17758845630806, 1.0),-8.607782,41.177142
1713466208000,(-8.607817784088594, 41.17758845630806, 1.0),-8.607775,41.177147
1713466209000,(-8.607817784088594, 41.17758845630806, 1.0),-8.60777,41.177157
1713466210000,(-8.607817784088594, 41.17758845630806, 1.0),-8.607767,41.177162
1713466211000,(-8.607817784088594, 41.17758845630806, 1.0),-8.607765,41.177167
1713466212000,(-8.607817784088594, 41.17758845630806, 1.0),-8.60776,41.177172
1713466213000,(-8.607817784088594, 41.17758845630806, 1.0),-8.607757,41.177175
1713466214000,(-8.607817784088594, 41.17758845630806, 1.0),-8.607752,41.17718
1713466218000,(-8.607817784088594, 41.17758845630806, 1.0),-8.607718,41.177228
1713466219000,(-8.607817784088594, 41.17758845630806, 1.0),-8.607715,41.177242
1713466220000,(-8.607817784088594, 41.17758845630806, 1.0),-8.607712,41.17725
1713466221000,(-8.607817784088594, 41.17758845630806, 1.0),-8.60771,41.17726
1713466222000,(-8.607817784088594, 41.17758845630806, 1.0),-8.607702,41.177275
1713466223000,(-8.607817784088594, 41.17758845630806, 1.0),-8.607695,41.177285
1713466224000,(-8.607817784088594, 41.17758845630806, 1.0),-8.607685,41.177297
1713466225000,(-8.607817784088594, 41.17758845630806, 1.0),-8.607678,41.177308
1713466226000,(-8.607817784088594, 41.17758845630806, 1.0),-8.607672,41.17732
1713466230000,(-8.607817784088594, 41.17758845630806, 1.0),-8.607643,41.177357
1713466231000,(-8.607817784088594, 41.17758845630806, 1.0),-8.607635,41.177365
1713466232000,(-8.607817784088594, 41.17758845630806, 1.0),-8.607627,41.177375
1713466233000,(-8.607817784088594, 41.17758845630806, 1.0),-8.607617,41.177385
1713466234000,(-8.607817784088594, 41.17758845630806, 1.0),-8.607608,41.177393
1713466235000,(-8.607817784088594, 41.17758845630806, 1.0),-8.607595,41.177402
1713466236000,(-8.607817784088594, 41.17758845630806, 1.0),-8.607582,41.177412
1713466237000,(-8.607817784088594, 41.17758845630806, 1.0),-8.607568,41.177422
1713466239000,(-8.607817784088594, 41.17758845630806, 1.0),-8.607558,41.177428
1713466242000,(-8.607817784088594, 41.17758845630806, 1.0),-8.607523,41.177445
1713466243000,(-8.607817784088594, 41.17758845630806, 1.0),-8.607517,41.177453
1713466244000,(-8.607817784088594, 41.17758845630806, 1.0),-8.607502,41.177473
1713466245000,(-8.607817784088594, 41.17758845630806, 1.0),-8.607485,41.177492
1713466246000,(-8.607817784088594, 41.17758845630806, 1.0),-8.607477,41.1775
1713466247000,(-8.607817784088594, 41.17758845630806, 1.0),-8.607472,41.17751
1713466248000,(-8.607817784088594, 41.17758845630806, 1.0),-8.607467,41.177522
1713466249000,(-8.607817784088594, 41.17758845630806, 1.0),-8.607463,41.177535
1713466250000,(-8.607817784088594, 41.17758845630806, 1.0),-8.60746,41.177547
1713466251000,(-8.607817784088594, 41.17758845630806, 1.0),-8.607458,41.17756
1713466254000,(-8.607817784088594, 41.17758845630806, 1.0),-8.607448,41.177592
1713466255000,(-8.607817784088594, 41.17758845630806, 1.0),-8.607442,41.177602
1713466256000,(-8.607817784088594, 41.17758845630806, 1.0),-8.607428,41.177612
1713466257000,(-8.607817784088594, 41.17758845630806, 1.0),-8.607418,41.177625
1713466258000,(-8.607817784088594, 41.17758845630806, 1.0),-8.607402,41.17764
1713466259000,(-8.607817784088594, 41.17758845630806, 1.0),-8.607387,41.17765
1713466260000,(-8.607817784088594, 41.17758845630806, 1.0),-8.607372,41.177662
1713466261000,(-8.607817784088594, 41.17758845630806, 1.0),-8.60735,41.177688
1713466262000,(-8.607817784088594, 41.17758845630806, 1.0),-8.607322,41.1777
1713466266000,(-8.607817784088594, 41.17758845630806, 1.0),-8.607248,41.177773
1713466267000,(-8.607817784088594, 41.17758845630806, 1.0),-8.607233,41.177788
1713466268000,(-8.606623252890557, 41.17758845630806, 1.0),-8.607217,41.177805
1713466269000,(-8.606623252890557, 41.17758845630806, 1.0),-8.607205,41.17782
1713466270000,(-8.606623252890557, 41.17758845630806, 1.0),-8.607188,41.177838
1713466271000,(-8.606623252890557, 41.17758845630806, 1.0),-8.607173,41.17785
1713466272000,(-8.606623252890557, 41.17758845630806, 1.0),-8.60716,41.177865
1713466273000,(-8.606623252890557, 41.17758845630806, 1.0),-8.60715,41.177877
1713466274000,(-8.606623252890557, 41.17758845630806, 1.0),-8.607143,41.17789
1713466278000,(-8.606623252890557, 41.17758845630806, 1.0),-8.607108,41.17793
1713466279000,(-8.606623252890557, 41.17758845630806, 1.0),-8.607098,41.17794
1713466280000,(-8.606623252890557, 41.17758845630806, 1.0),-8.607088,41.177952
1713466281000,(-8.606623252890557, 41.17758845630806, 1.0),-8.607078,41.177963
1713466282000,(-8.606623252890557, 41.17758845630806, 1.0),-8.607063,41.177975
1713466283000,(-8.606623252890557, 41.17758845630806, 1.0),-8.607053,41.177985
1713466284000,(-8.606623252890557, 41.17758845630806, 1.0),-8.607047,41.178
1713466285000,(-8.606623252890557, 41.17758845630806, 1.0),-8.607038,41.178015
1713466286000,(-8.606623252890557, 41.17758845630806, 1.0),-8.60703,41.178027
1713466290000,(-8.606623252890557, 41.17849196814263, 1.0),-8.606985,41.178075
1713466291000,(-8.606623252890557, 41.17849196814263, 1.0),-8.606977,41.178077
1713466292000,(-8.606623252890557, 41.17849196814263, 1.0),-8.606968,41.178083
1713466293000,(-8.606623252890557, 41.17849196814263, 1.0),-8.606958,41.178093
1713466294000,(-8.606623252890557, 41.17849196814263, 1.0),-8.606942,41.178103
1713466295000,(-8.606623252890557, 41.17849196814263, 1.0),-8.606932,41.178112
1713466296000,(-8.606623252890557, 41.17849196814263, 1.0),-8.60692,41.178125
1713466297000,(-8.606623252890557, 41.17849196814263, 1.0),-8.60691,41.178135
1713466298000,(-8.606623252890557, 41.17849196814263, 1.0),-8.606905,41.17814
1713466302000,(-8.606623252890557, 41.17849196814263, 1.0),-8.606865,41.17819
1713466303000,(-8.606623252890557, 41.17849196814263, 1.0),-8.606847,41.178202
1713466304000,(-8.606623252890557, 41.17849196814263, 1.0),-8.606828,41.178218
1713466305000,(-8.606623252890557, 41.17849196814263, 1.0),-8.6068,41.178237
1713466306000,(-8.606623252890557, 41.17849196814263, 1.0),-8.606782,41.178253
1713466307000,(-8.606623252890557, 41.17849196814263, 1.0),-8.606763,41.178268
1713466308000,(-8.606623252890557, 41.17849196814263, 1.0),-8.60675,41.178283
1713466309000,(-8.606623252890557, 41.17849196814263, 1.0),-8.606738,41.178295
1713466310000,(-8.606623252890557, 41.17849196814263, 1.0),-8.606727,41.178305
1713466314000,(-8.606623252890557, 41.17849196814263, 1.0),-8.606697,41.178342
1713466315000,(-8.606623252890557, 41.17849196814263, 1.0),-8.606688,41.178352
1713466316000,(-8.606623252890557, 41.17849196814263, 1.0),-8.606678,41.17836
1713466317000,(-8.606623252890557, 41.17849196814263, 1.0),-8.606663,41.178372
1713466318000,(-8.606623252890557, 41.17849196814263, 1.0),-8.606648,41.178387
1713466319000,(-8.606623252890557, 41.17849196814263, 1.0),-8.606638,41.178395
1713466320000,(-8.606623252890557, 41.17849196814263, 1.0),-8.60663,41.178403
1713466321000,(-8.606623252890557, 41.17849196814263, 1.0),-8.60662,41.17841
1713466322000,(-8.606623252890557, 41.17849196814263, 1.0),-8.606605,41.178418
1713466326000,(-8.606623252890557, 41.17849196814263, 1.0),-8.606538,41.178447
1713466327000,(-8.606623252890557, 41.17849196814263, 1.0),-8.606522,41.178447
1713466328000,(-8.606623252890557, 41.17849196814263, 1.0),-8.606508,41.178442
1713466329000,(-8.606623252890557, 41.17849196814263, 1.0),-8.606497,41.178438
1713466330000,(-8.606623252890557, 41.17849196814263, 1.0),-8.606478,41.17843
1713466331000,(-8.606623252890557, 41.17849196814263, 1.0),-8.60646,41.17842
1713466332000,(-8.606623252890557, 41.17849196814263, 1.0),-8.606442,41.178412
1713466333000,(-8.606623252890557, 41.17849196814263, 1.0),-8.60642,41.178408
1713466334000,(-8.606623252890557, 41.17849196814263, 1.0),-8.606397,41.178403
1713466335000,(-8.606623252890557, 41.17849196814263, 1.0),-8.606378,41.178393
1713466338000,(-8.606623252890557, 41.17849196814263, 1.0),-8.606322,41.178375
1713466339000,(-8.606623252890557, 41.17849196814263, 1.0),-8.606303,41.178372
1713466340000,(-8.606623252890557, 41.17849196814263, 1.0),-8.606283,41.178367
1713466341000,(-8.606623252890557, 41.17849196814263, 1.0),-8.60626,41.178362
1713466342000,(-8.606623252890557, 41.17849196814263, 1.0),-8.606237,41.178357
1713466343000,(-8.606623252890557, 41.17849196814263, 1.0),-8.60622,41.178348
1713466344000,(-8.606623252890557, 41.17849196814263, 1.0),-8.606205,41.17834
1713466345000,(-8.606623252890557, 41.17849196814263, 1.0),-8.606192,41.17833
1713466346000,(-8.606623252890557, 41.17849196814263, 1.0),-8.606167,41.178328
1713466350000,(-8.606623252890557, 41.17849196814263, 1.0),-8.606087,41.178317
1713466351000,(-8.606623252890557, 41.17849196814263, 1.0),-8.606072,41.178313
1713466352000,(-8.606623252890557, 41.17849196814263, 1.0),-8.606058,41.178308
1713466353000,(-8.606623252890557, 41.17849196814263, 1.0),-8.606048,41.178302
1713466354000,(-8.606623252890557, 41.17849196814263, 1.0),-8.606033,41.178298
1713466354000,(-8.60542872169252, 41.17849196814263, 1.0),-8.60602,41.1783
1713466355000,(-8.60542872169252, 41.17849196814263, 1.0),-8.606012,41.178292
1713466356000,(-8.60542872169252, 41.17849196814263, 1.0),-8.606003,41.178283
1713466357000,(-8.60542872169252, 41.17849196814263, 1.0),-8.60599,41.178277
1713466358000,(-8.60542872169252, 41.17849196814263, 1.0),-8.605977,41.178268
1713466368000,(-8.60542872169252, 41.17849196814263, 1.0),-8.605852,41.178183
1713466369000,(-8.60542872169252, 41.17849196814263, 1.0),-8.60584,41.178173
1713466370000,(-8.60542872169252, 41.17849196814263, 1.0),-8.60583,41.178162
1713466371000,(-8.60542872169252, 41.17849196814263, 1.0),-8.605817,41.178152
1713466372000,(-8.60542872169252, 41.17849196814263, 1.0),-8.605803,41.17814
1713466373000,(-8.60542872169252, 41.17849196814263, 1.0),-8.605793,41.178128
1713466374000,(-8.60542872169252, 41.17849196814263, 1.0),-8.605782,41.178115
1713466375000,(-8.60542872169252, 41.17849196814263, 1.0),-8.605768,41.178107
1713466376000,(-8.60542872169252, 41.17849196814263, 1.0),-8.605757,41.178095
1713466380000,(-8.60542872169252, 41.17849196814263, 1.0),-8.60571,41.178045
1713466381000,(-8.60542872169252, 41.17758845630806, 1.0),-8.6057,41.178033
1713466382000,(-8.60542872169252, 41.17758845630806, 1.0),-8.605688,41.178025
1713466383000,(-8.60542872169252, 41.17758845630806, 1.0),-8.605678,41.178013
1713466384000,(-8.60542872169252, 41.17758845630806, 1.0),-8.60567,41.178003
1713466385000,(-8.60542872169252, 41.17758845630806, 1.0),-8.605658,41.177993
1713466386000,(-8.60542872169252, 41.17758845630806, 1.0),-8.605642,41.177983
1713466387000,(-8.60542872169252, 41.17758845630806, 1.0),-8.605625,41.177975
1713466389000,(-8.60542872169252, 41.17758845630806, 1.0),-8.60561,41.177963
1713466393000,(-8.60542872169252, 41.17758845630806, 1.0),-8.605553,41.177928
1713466394000,(-8.60542872169252, 41.17758845630806, 1.0),-8.605543,41.177922
1713466395000,(-8.60542872169252, 41.17758845630806, 1.0),-8.605532,41.177912
1713466397000,(-8.60542872169252, 41.17758845630806, 1.0),-8.605503,41.177898
1713466398000,(-8.60542872169252, 41.17758845630806, 1.0),-8.605492,41.177892
1713466400000,(-8.60542872169252, 41.17758845630806, 1.0),-8.605465,41.177877
1713466401000,(-8.60542872169252, 41.17758845630806, 1.0),-8.60545,41.177868
1713466402000,(-8.60542872169252, 41.17758845630806, 1.0),-8.605433,41.177862
1713466404000,(-8.60542872169252, 41.17758845630806, 1.0),-8.605407,41.17784
1713466405000,(-8.60542872169252, 41.17758845630806, 1.0),-8.605395,41.177825
1713466406000,(-8.60542872169252, 41.17758845630806, 1.0),-8.605383,41.177812
1713466408000,(-8.60542872169252, 41.17758845630806, 1.0),-8.605362,41.177793
1713466409000,(-8.60542872169252, 41.17758845630806, 1.0),-8.60535,41.177788
1713466410000,(-8.60542872169252, 41.17758845630806, 1.0),-8.605338,41.17778
1713466413000,(-8.60542872169252, 41.17758845630806, 1.0),-8.605302,41.177753
1713466414000,(-8.60542872169252, 41.17758845630806, 1.0),-8.605287,41.177745
1713466415000,(-8.60542872169252, 41.17758845630806, 1.0),-8.605272,41.177737
1713466416000,(-8.60542872169252, 41.17758845630806, 1.0),-8.605258,41.17773
1713466417000,(-8.60542872169252, 41.17758845630806, 1.0),-8.605243,41.177722
1713466418000,(-8.60542872169252, 41.17758845630806, 1.0),-8.605227,41.177715
1713466419000,(-8.60542872169252, 41.17758845630806, 1.0),-8.605212,41.17771
1713466420000,(-8.60542872169252, 41.17758845630806, 1.0),-8.605198,41.177707
1713466421000,(-8.60542872169252, 41.17758845630806, 1.0),-8.605185,41.177702
1713466422000,(-8.60542872169252, 41.17758845630806, 1.0),-8.60517,41.177695
1713466432000,(-8.60542872169252, 41.17758845630806, 1.0),-8.605152,41.177565
1713466433000,(-8.60542872169252, 41.17758845630806, 1.0),-8.605148,41.17755
1713466434000,(-8.60542872169252, 41.17758845630806, 1.0),-8.605153,41.177528
1713466435000,(-8.60542872169252, 41.17758845630806, 1.0),-8.605157,41.177505
1713466436000,(-8.60542872169252, 41.17758845630806, 1.0),-8.605152,41.177495
1713466437000,(-8.60542872169252, 41.17758845630806, 1.0),-8.605145,41.177478
1713466438000,(-8.60542872169252, 41.17758845630806, 1.0),-8.605125,41.177467
1713466439000,(-8.60542872169252, 41.17758845630806, 1.0),-8.605115,41.177453
1713466440000,(-8.60542872169252, 41.17758845630806, 1.0),-8.605112,41.177433
1713466441000,(-8.60542872169252, 41.17758845630806, 1.0),-8.60511,41.17741
1713466451000,(-8.60542872169252, 41.17758845630806, 1.0),-8.605023,41.177365
1713466452000,(-8.60542872169252, 41.17758845630806, 1.0),-8.605002,41.17735
1713466453000,(-8.60542872169252, 41.17758845630806, 1.0),-8.604995,41.17734
1713466454000,(-8.60542872169252, 41.17758845630806, 1.0),-8.605002,41.177338
1713466455000,(-8.60542872169252, 41.17758845630806, 1.0),-8.605,41.177335
1713466456000,(-8.60542872169252, 41.17758845630806, 1.0),-8.604997,41.177332
1713466457000,(-8.60542872169252, 41.17758845630806, 1.0),-8.604998,41.177328
1713466458000,(-8.60542872169252, 41.17758845630806, 1.0),-8.605002,41.177327
1713466459000,(-8.60542872169252, 41.17758845630806, 1.0),-8.605005,41.177323
1713466460000,(-8.60542872169252, 41.17758845630806, 1.0),-8.605005,41.17732
1713466469000,(-8.60542872169252, 41.17758845630806, 1.0),-8.60505,41.177267
1713466470000,(-8.60542872169252, 41.17758845630806, 1.0),-8.605052,41.177262
1713466471000,(-8.60542872169252, 41.17758845630806, 1.0),-8.605048,41.177253
1713466472000,(-8.60542872169252, 41.17758845630806, 1.0),-8.605042,41.177247
1713466473000,(-8.60542872169252, 41.17758845630806, 1.0),-8.605037,41.177238
1713466474000,(-8.60542872169252, 41.17758845630806, 1.0),-8.60503,41.177232
1713466475000,(-8.60542872169252, 41.17758845630806, 1.0),-8.60502,41.17723
1713466476000,(-8.60542872169252, 41.17758845630806, 1.0),-8.605017,41.177225
1713466477000,(-8.60542872169252, 41.17758845630806, 1.0),-8.605012,41.177218
1713466478000,(-8.60542872169252, 41.17758845630806, 1.0),-8.604988,41.177207
1713466481000,(-8.60542872169252, 41.17758845630806, 1.0),-8.60492,41.177175
1713466482000,(-8.60542872169252, 41.17758845630806, 1.0),-8.604897,41.177168
1713466483000,(-8.60542872169252, 41.17758845630806, 1.0),-8.604885,41.177158
1713466484000,(-8.60542872169252, 41.17758845630806, 1.0),-8.60487,41.177148
1713466485000,(-8.60542872169252, 41.176684944473486, 1.0),-8.604847,41.177135
1713466486000,(-8.604234190494484, 41.176684944473486, 1.0),-8.60482,41.177122
1713466487000,(-8.604234190494484, 41.176684944473486, 1.0),-8.604798,41.17711
1713466488000,(-8.604234190494484, 41.176684944473486, 1.0),-8.60477,41.177097
1713466489000,(-8.604234190494484, 41.176684944473486, 1.0),-8.604743,41.177083
1713466490000,(-8.604234190494484, 41.176684944473486, 1.0),-8.604717,41.17707
1713466493000,(-8.604234190494484, 41.176684944473486, 1.0),-8.604622,41.177022
1713466494000,(-8.604234190494484, 41.176684944473486, 1.0),-8.6046,41.177015
1713466495000,(-8.604234190494484, 41.176684944473486, 1.0),-8.604583,41.177005
1713466496000,(-8.604234190494484, 41.176684944473486, 1.0),-8.604567,41.176995
1713466497000,(-8.604234190494484, 41.176684944473486, 1.0),-8.604552,41.176987
1713466498000,(-8.604234190494484, 41.176684944473486, 1.0),-8.604523,41.17698
1713466499000,(-8.604234190494484, 41.176684944473486, 1.0),-8.604502,41.176968
1713466500000,(-8.604234190494484, 41.176684944473486, 1.0),-8.604482,41.176957
1713466501000,(-8.604234190494484, 41.176684944473486, 1.0),-8.604445,41.17694
1713466502000,(-8.604234190494484, 41.176684944473486, 1.0),-8.6044,41.176918
1713466505000,(-8.604234190494484, 41.176684944473486, 1.0),-8.60433,41.176872
1713466506000,(-8.604234190494484, 41.176684944473486, 1.0),-8.60431,41.176858
1713466507000,(-8.604234190494484, 41.176684944473486, 1.0),-8.604292,41.176845
1713466508000,(-8.604234190494484, 41.176684944473486, 1.0),-8.604273,41.17683
1713466509000,(-8.604234190494484, 41.176684944473486, 1.0),-8.604255,41.176817
1713466510000,(-8.604234190494484, 41.176684944473486, 1.0),-8.604238,41.176803
1713466511000,(-8.604234190494484, 41.176684944473486, 1.0),-8.604223,41.17679
1713466512000,(-8.604234190494484, 41.176684944473486, 1.0),-8.604208,41.176775
1713466513000,(-8.604234190494484, 41.176684944473486, 1.0),-8.604193,41.176762
1713466517000,(-8.604234190494484, 41.176684944473486, 1.0),-8.60415,41.176708
1713466518000,(-8.604234190494484, 41.176684944473486, 1.0),-8.60414,41.176698
1713466519000,(-8.604234190494484, 41.176684944473486, 1.0),-8.604127,41.176685
1713466520000,(-8.604234190494484, 41.176684944473486, 1.0),-8.604115,41.176673
1713466521000,(-8.604234190494484, 41.176684944473486, 1.0),-8.604107,41.17666
1713466522000,(-8.604234190494484, 41.176684944473486, 1.0),-8.604093,41.176652
1713466523000,(-8.604234190494484, 41.176684944473486, 1.0),-8.604085,41.17664
1713466524000,(-8.604234190494484, 41.176684944473486, 1.0),-8.604082,41.176627
1713466525000,(-8.604234190494484, 41.176684944473486, 1.0),-8.604075,41.176612
1713466526000,(-8.604234190494484, 41.176684944473486, 1.0),-8.60407,41.176595
1713466536000,(-8.604234190494484, 41.176684944473486, 1.0),-8.604033,41.176478
1713466537000,(-8.604234190494484, 41.176684944473486, 1.0),-8.60403,41.176467
1713466538000,(-8.604234190494484, 41.176684944473486, 1.0),-8.604027,41.176452
1713466539000,(-8.604234190494484, 41.176684944473486, 1.0),-8.604022,41.176435
1713466540000,(-8.604234190494484, 41.176684944473486, 1.0),-8.604022,41.176423
1713466541000,(-8.604234190494484, 41.176684944473486, 1.0),-8.60402,41.17641
1713466542000,(-8.604234190494484, 41.176684944473486, 1.0),-8.60402,41.176395
1713466543000,(-8.604234190494484, 41.176684944473486, 1.0),-8.604018,41.176383
1713466544000,(-8.604234190494484, 41.176684944473486, 1.0),-8.604018,41.176368
1713466548000,(-8.604234190494484, 41.176684944473486, 1.0),-8.604007,41.176322
1713466549000,(-8.604234190494484, 41.176684944473486, 1.0),-8.604002,41.176313
1713466550000,(-8.604234190494484, 41.176684944473486, 1.0),-8.603998,41.176295
1713466551000,(-8.604234190494484, 41.176684944473486, 1.0),-8.603995,41.17628
1713466552000,(-8.604234190494484, 41.176684944473486, 1.0),-8.603987,41.176265
1713466553000,(-8.604234190494484, 41.176684944473486, 1.0),-8.60398,41.176252
1713466554000,(-8.604234190494484, 41.176684944473486, 1.0),-8.603977,41.176242
1713466556000,(-8.604234190494484, 41.17578143263891, 2.0),-8.603972,41.176232
1713466556000,(-8.604234190494484, 41.17578143263891, 2.0),-8.603967,41.176222
1713466566000,(-8.604234190494484, 41.17578143263891, 2.0),-8.603952,41.17609
1713466567000,(-8.604234190494484, 41.17578143263891, 2.0),-8.603952,41.176077
1713466568000,(-8.604234190494484, 41.17578143263891, 2.0),-8.60395,41.176067
1713466569000,(-8.604234190494484, 41.17578143263891, 2.0),-8.603947,41.176057
1713466570000,(-8.604234190494484, 41.17578143263891, 2.0),-8.603942,41.176047
1713466571000,(-8.604234190494484, 41.17578143263891, 2.0),-8.603938,41.176033
1713466572000,(-8.604234190494484, 41.17578143263891, 2.0),-8.60393,41.176018
1713466573000,(-8.604234190494484, 41.17578143263891, 2.0),-8.603922,41.176005
1713466574000,(-8.604234190494484, 41.17578143263891, 2.0),-8.603917,41.175992
1713466578000,(-8.604234190494484, 41.17578143263891, 2.0),-8.603893,41.17594
1713466579000,(-8.604234190494484, 41.17578143263891, 2.0),-8.603893,41.175927
1713466580000,(-8.604234190494484, 41.17578143263891, 2.0),-8.603893,41.175912
1713466581000,(-8.604234190494484, 41.17578143263891, 2.0),-8.60389,41.175892
1713466582000,(-8.604234190494484, 41.17578143263891, 2.0),-8.603887,41.175875
1713466583000,(-8.604234190494484, 41.17578143263891, 2.0),-8.603885,41.17586
1713466584000,(-8.604234190494484, 41.17578143263891, 2.0),-8.603885,41.175845
1713466585000,(-8.604234190494484, 41.17578143263891, 2.0),-8.603895,41.175828
1713466586000,(-8.604234190494484, 41.17578143263891, 2.0),-8.603902,41.175812
1713466587000,(-8.604234190494484, 41.17578143263891, 2.0),-8.603908,41.175795
1713466596000,(-8.604234190494484, 41.17578143263891, 2.0),-8.603932,41.175652
1713466597000,(-8.604234190494484, 41.17578143263891, 2.0),-8.603942,41.175642
1713466598000,(-8.604234190494484, 41.17578143263891, 2.0),-8.603963,41.175627
1713466599000,(-8.604234190494484, 41.17578143263891, 2.0),-8.603972,41.175618
1713466600000,(-8.604234190494484, 41.17578143263891, 2.0),-8.603973,41.17561
1713466601000,(-8.604234190494484, 41.17578143263891, 2.0),-8.603973,41.175602
1713466602000,(-8.604234190494484, 41.17578143263891, 2.0),-8.60397,41.175593
1713466603000,(-8.604234190494484, 41.17578143263891, 2.0),-8.603968,41.175582
1713466604000,(-8.604234190494484, 41.17578143263891, 2.0),-8.603968,41.17557
1713466608000,(-8.604234190494484, 41.17578143263891, 2.0),-8.60397,41.175512
1713466609000,(-8.604234190494484, 41.17578143263891, 2.0),-8.60397,41.175498
1713466610000,(-8.604234190494484, 41.17578143263891, 2.0),-8.603968,41.175487
1713466611000,(-8.604234190494484, 41.17578143263891, 2.0),-8.603967,41.175477
1713466612000,(-8.604234190494484, 41.17578143263891, 2.0),-8.603962,41.175468
1713466613000,(-8.604234190494484, 41.17578143263891, 2.0),-8.603953,41.175463
1713466614000,(-8.604234190494484, 41.17578143263891, 2.0),-8.60395,41.175453
1713466615000,(-8.604234190494484, 41.17578143263891, 2.0),-8.603948,41.175443
1713466616000,(-8.604234190494484, 41.17578143263891, 2.0),-8.603947,41.175432
1713466617000,(-8.604234190494484, 41.17578143263891, 2.0),-8.603943,41.175418
1713466627000,(-8.604234190494484, 41.174877920804335, 2.0),-8.603922,41.17531
1713466628000,(-8.604234190494484, 41.174877920804335, 2.0),-8.603918,41.175298
1713466629000,(-8.604234190494484, 41.174877920804335, 2.0),-8.603915,41.175288
1713466630000,(-8.604234190494484, 41.174877920804335, 2.0),-8.603912,41.175278
1713466631000,(-8.604234190494484, 41.174877920804335, 2.0),-8.60391,41.175268
1713466632000,(-8.604234190494484, 41.174877920804335, 2.0),-8.603907,41.17526
1713466633000,(-8.604234190494484, 41.174877920804335, 2.0),-8.603905,41.175247
1713466634000,(-8.604234190494484, 41.174877920804335, 2.0),-8.603902,41.175237
1713466635000,(-8.604234190494484, 41.174877920804335, 2.0),-8.603897,41.175228
1713466639000,(-8.604234190494484, 41.174877920804335, 2.0),-8.60387,41.17517
1713466640000,(-8.604234190494484, 41.174877920804335, 2.0),-8.60387,41.17516
1713466641000,(-8.604234190494484, 41.174877920804335, 2.0),-8.603867,41.175153
1713466642000,(-8.604234190494484, 41.174877920804335, 2.0),-8.603858,41.17514
1713466643000,(-8.604234190494484, 41.174877920804335, 2.0),-8.603857,41.175125
1713466644000,(-8.604234190494484, 41.174877920804335, 2.0),-8.603848,41.175112
1713466645000,(-8.604234190494484, 41.174877920804335, 2.0),-8.603843,41.175098
1713466646000,(-8.604234190494484, 41.174877920804335, 2.0),-8.60384,41.175085
1713466647000,(-8.604234190494484, 41.174877920804335, 2.0),-8.603832,41.17507
1713466651000,(-8.604234190494484, 41.174877920804335, 2.0),-8.603827,41.175005
1713466652000,(-8.604234190494484, 41.174877920804335, 2.0),-8.603825,41.174992
1713466653000,(-8.604234190494484, 41.174877920804335, 2.0),-8.603827,41.174977
1713466654000,(-8.604234190494484, 41.174877920804335, 2.0),-8.603827,41.174963
1713466655000,(-8.604234190494484, 41.174877920804335, 2.0),-8.603827,41.174952
1713466656000,(-8.604234190494484, 41.174877920804335, 2.0),-8.603827,41.174937
1713466657000,(-8.604234190494484, 41.174877920804335, 2.0),-8.603827,41.174925
1713466658000,(-8.604234190494484, 41.174877920804335, 2.0),-8.603827,41.174908
1713466659000,(-8.604234190494484, 41.174877920804335, 2.0),-8.60383,41.174897
1713466663000,(-8.604234190494484, 41.174877920804335, 2.0),-8.603828,41.174845
1713466664000,(-8.604234190494484, 41.174877920804335, 2.0),-8.60383,41.17483
1713466665000,(-8.604234190494484, 41.174877920804335, 2.0),-8.603828,41.174817
1713466666000,(-8.604234190494484, 41.174877920804335, 2.0),-8.60383,41.1748
1713466667000,(-8.604234190494484, 41.174877920804335, 2.0),-8.603832,41.174782
1713466668000,(-8.604234190494484, 41.174877920804335, 2.0),-8.603837,41.174762
1713466669000,(-8.604234190494484, 41.174877920804335, 2.0),-8.603837,41.174747
1713466670000,(-8.604234190494484, 41.174877920804335, 2.0),-8.603838,41.17473
1713466671000,(-8.604234190494484, 41.174877920804335, 2.0),-8.60384,41.174712
1713466675000,(-8.604234190494484, 41.174877920804335, 2.0),-8.603847,41.17465
1713466676000,(-8.604234190494484, 41.174877920804335, 2.0),-8.603847,41.174637
1713466677000,(-8.604234190494484, 41.174877920804335, 2.0),-8.603842,41.174628
1713466678000,(-8.604234190494484, 41.174877920804335, 2.0),-8.60384,41.174615
1713466679000,(-8.604234190494484, 41.174877920804335, 2.0),-8.603837,41.174603
1713466680000,(-8.604234190494484, 41.174877920804335, 2.0),-8.603827,41.174598
1713466681000,(-8.604234190494484, 41.174877920804335, 2.0),-8.603822,41.174588
1713466682000,(-8.604234190494484, 41.174877920804335, 2.0),-8.603817,41.17458
1713466683000,(-8.604234190494484, 41.174877920804335, 2.0),-8.603815,41.174568
1713466687000,(-8.604234190494484, 41.174877920804335, 2.0),-8.603795,41.174515
1713466688000,(-8.604234190494484, 41.174877920804335, 2.0),-8.60379,41.1745
1713466689000,(-8.604234190494484, 41.174877920804335, 2.0),-8.603782,41.174487
1713466690000,(-8.604234190494484, 41.174877920804335, 2.0),-8.603778,41.174472
1713466691000,(-8.604234190494484, 41.174877920804335, 2.0),-8.603765,41.174467
1713466692000,(-8.604234190494484, 41.174877920804335, 2.0),-8.603748,41.174463
1713466693000,(-8.604234190494484, 41.174877920804335, 2.0),-8.603732,41.17446
1713466694000,(-8.604234190494484, 41.174877920804335, 2.0),-8.603718,41.174452
1713466695000,(-8.604234190494484, 41.174877920804335, 2.0),-8.603703,41.174445
1713466699000,(-8.604234190494484, 41.173974408969755, 2.0),-8.60367,41.174393
1713466700000,(-8.604234190494484, 41.173974408969755, 2.0),-8.603663,41.17438
1713466701000,(-8.604234190494484, 41.173974408969755, 2.0),-8.603658,41.174367
1713466702000,(-8.604234190494484, 41.173974408969755, 2.0),-8.603655,41.174355
1713466703000,(-8.604234190494484, 41.173974408969755, 2.0),-8.60365,41.174345
1713466704000,(-8.604234190494484, 41.173974408969755, 2.0),-8.603647,41.174333
1713466705000,(-8.604234190494484, 41.173974408969755, 2.0),-8.603643,41.174322
1713466706000,(-8.604234190494484, 41.173974408969755, 2.0),-8.603637,41.174315
1713466707000,(-8.603039659296448, 41.173974408969755, 2.0),-8.603632,41.174302
1713466708000,(-8.603039659296448, 41.173974408969755, 2.0),-8.60363,41.174288
1713466719000,(-8.603039659296448, 41.173974408969755, 2.0),-8.60361,41.174147
1713466720000,(-8.603039659296448, 41.173974408969755, 2.0),-8.603612,41.174132
1713466721000,(-8.603039659296448, 41.173974408969755, 2.0),-8.603615,41.174115
1713466722000,(-8.603039659296448, 41.173974408969755, 2.0),-8.60361,41.174102
1713466723000,(-8.603039659296448, 41.173974408969755, 2.0),-8.603607,41.174087
1713466724000,(-8.603039659296448, 41.173974408969755, 2.0),-8.603605,41.174075
1713466725000,(-8.603039659296448, 41.173974408969755, 2.0),-8.603603,41.174058
1713466726000,(-8.603039659296448, 41.173974408969755, 2.0),-8.6036,41.174048
1713466727000,(-8.603039659296448, 41.173974408969755, 2.0),-8.603595,41.174037
1713466731000,(-8.603039659296448, 41.173974408969755, 2.0),-8.603577,41.173987
1713466732000,(-8.603039659296448, 41.173974408969755, 2.0),-8.603568,41.173983
1713466733000,(-8.603039659296448, 41.173974408969755, 2.0),-8.603563,41.173972
1713466734000,(-8.603039659296448, 41.173974408969755, 2.0),-8.60356,41.173948
1713466735000,(-8.603039659296448, 41.173974408969755, 2.0),-8.603555,41.173932
1713466736000,(-8.603039659296448, 41.173974408969755, 2.0),-8.603548,41.173925
1713466737000,(-8.603039659296448, 41.173974408969755, 2.0),-8.603543,41.173917
1713466738000,(-8.603039659296448, 41.173974408969755, 2.0),-8.603535,41.173908
1713466739000,(-8.603039659296448, 41.173974408969755, 2.0),-8.60353,41.173898
1713466743000,(-8.603039659296448, 41.173974408969755, 2.0),-8.60351,41.173862
1713466744000,(-8.603039659296448, 41.173974408969755, 2.0),-8.603505,41.173853
1713466745000,(-8.603039659296448, 41.173974408969755, 2.0),-8.603507,41.173842
1713466746000,(-8.603039659296448, 41.173974408969755, 2.0),-8.603505,41.173833
1713466747000,(-8.603039659296448, 41.173974408969755, 2.0),-8.603505,41.173825
1713466748000,(-8.603039659296448, 41.173974408969755, 2.0),-8.603507,41.173812
1713466749000,(-8.603039659296448, 41.173974408969755, 2.0),-8.603505,41.173792
1713466750000,(-8.603039659296448, 41.173974408969755, 2.0),-8.603502,41.173773
1713466751000,(-8.603039659296448, 41.173974408969755, 2.0),-8.603505,41.173752
1713466752000,(-8.603039659296448, 41.173974408969755, 2.0),-8.60351,41.173732
1713466755000,(-8.603039659296448, 41.173974408969755, 2.0),-8.603507,41.173685
1713466756000,(-8.603039659296448, 41.173974408969755, 2.0),-8.603505,41.17367
1713466757000,(-8.603039659296448, 41.173974408969755, 2.0),-8.603505,41.173653
1713466758000,(-8.603039659296448, 41.173974408969755, 2.0),-8.60351,41.173632
1713466759000,(-8.603039659296448, 41.173974408969755, 2.0),-8.603548,41.173602
1713466760000,(-8.603039659296448, 41.173974408969755, 2.0),-8.60357,41.17358
1713466761000,(-8.603039659296448, 41.173974408969755, 2.0),-8.603592,41.173557
1713466762000,(-8.603039659296448, 41.173974408969755, 2.0),-8.60361,41.173535
1713466763000,(-8.603039659296448, 41.17307089713518, 2.0),-8.603625,41.173513
1713466764000,(-8.603039659296448, 41.17307089713518, 2.0),-8.603622,41.173495
1713466767000,(-8.603039659296448, 41.17307089713518, 2.0),-8.603608,41.173455
1713466768000,(-8.603039659296448, 41.17307089713518, 2.0),-8.603595,41.173448
1713466769000,(-8.603039659296448, 41.17307089713518, 2.0),-8.603592,41.173438
1713466770000,(-8.603039659296448, 41.17307089713518, 2.0),-8.603585,41.173427
1713466771000,(-8.603039659296448, 41.17307089713518, 2.0),-8.603573,41.173413
1713466772000,(-8.603039659296448, 41.17307089713518, 2.0),-8.603567,41.1734
1713466773000,(-8.603039659296448, 41.17307089713518, 2.0),-8.603562,41.173383
1713466774000,(-8.603039659296448, 41.17307089713518, 2.0),-8.603623,41.173348
1713466775000,(-8.603039659296448, 41.17307089713518, 2.0),-8.603627,41.173327
1713466779000,(-8.604234190494484, 41.17307089713518, 2.0),-8.603648,41.173253
1713466780000,(-8.604234190494484, 41.17307089713518, 2.0),-8.603655,41.173235
1713466781000,(-8.604234190494484, 41.17307089713518, 2.0),-8.603662,41.173215
1713466782000,(-8.604234190494484, 41.17307089713518, 2.0),-8.603685,41.173197
1713466783000,(-8.604234190494484, 41.17307089713518, 2.0),-8.603708,41.173175
1713466784000,(-8.604234190494484, 41.17307089713518, 2.0),-8.603715,41.173157
1713466785000,(-8.604234190494484, 41.17307089713518, 2.0),-8.603723,41.173138
1713466786000,(-8.604234190494484, 41.17307089713518, 2.0),-8.603732,41.17312
1713466787000,(-8.604234190494484, 41.17307089713518, 2.0),-8.603745,41.173103
1713466788000,(-8.604234190494484, 41.17307089713518, 2.0),-8.603752,41.173092
1713466798000,(-8.604234190494484, 41.17307089713518, 2.0),-8.603678,41.172987
1713466799000,(-8.604234190494484, 41.17307089713518, 2.0),-8.603663,41.172975
1713466800000,(-8.604234190494484, 41.17307089713518, 2.0),-8.60365,41.172962
1713466801000,(-8.604234190494484, 41.17307089713518, 2.0),-8.603652,41.172943
1713466802000,(-8.604234190494484, 41.17307089713518, 2.0),-8.60365,41.172925
1713466803000,(-8.603039659296448, 41.17307089713518, 2.0),-8.60362,41.172913
1713466804000,(-8.603039659296448, 41.17307089713518, 2.0),-8.603593,41.172903
1713466805000,(-8.603039659296448, 41.17307089713518, 2.0),-8.603565,41.172893
1713466806000,(-8.603039659296448, 41.17307089713518, 2.0),-8.603538,41.172883
1713466807000,(-8.603039659296448, 41.17307089713518, 2.0),-8.603508,41.172875
1713466817000,(-8.603039659296448, 41.17307089713518, 2.0),-8.603235,41.172813
1713466818000,(-8.603039659296448, 41.17307089713518, 2.0),-8.603222,41.172805
1713466819000,(-8.603039659296448, 41.17307089713518, 2.0),-8.603212,41.172793
1713466820000,(-8.603039659296448, 41.17307089713518, 2.0),-8.603192,41.172783
1713466821000,(-8.603039659296448, 41.17307089713518, 2.0),-8.603178,41.172775
1713466822000,(-8.603039659296448, 41.17307089713518, 2.0),-8.60316,41.17277
1713466823000,(-8.603039659296448, 41.17307089713518, 2.0),-8.60314,41.172763
1713466824000,(-8.603039659296448, 41.17307089713518, 2.0),-8.60312,41.172753
1713466825000,(-8.603039659296448, 41.17307089713518, 2.0),-8.603098,41.172745
1713466829000,(-8.603039659296448, 41.17307089713518, 2.0),-8.603013,41.17272
1713466830000,(-8.603039659296448, 41.17307089713518, 2.0),-8.603,41.17271
1713466831000,(-8.603039659296448, 41.17307089713518, 2.0),-8.602988,41.1727
1713466832000,(-8.603039659296448, 41.17307089713518, 2.0),-8.60297,41.172692
1713466833000,(-8.603039659296448, 41.17307089713518, 2.0),-8.602952,41.172682
1713466834000,(-8.603039659296448, 41.17307089713518, 2.0),-8.602933,41.17267
1713466835000,(-8.603039659296448, 41.17307089713518, 2.0),-8.602913,41.172663
1713466836000,(-8.603039659296448, 41.17307089713518, 2.0),-8.602898,41.172655
1713466837000,(-8.603039659296448, 41.17307089713518, 2.0),-8.602882,41.172645
1713466841000,(-8.603039659296448, 41.17216738530061, 2.0),-8.602832,41.172598
1713466842000,(-8.603039659296448, 41.17216738530061, 2.0),-8.602815,41.172588
1713466843000,(-8.603039659296448, 41.17216738530061, 2.0),-8.602803,41.172575
1713466844000,(-8.603039659296448, 41.17216738530061, 2.0),-8.602785,41.172568
1713466845000,(-8.603039659296448, 41.17216738530061, 2.0),-8.602768,41.172557
1713466846000,(-8.603039659296448, 41.17216738530061, 2.0),-8.602752,41.172548
1713466847000,(-8.603039659296448, 41.17216738530061, 2.0),-8.602733,41.172542
1713466848000,(-8.603039659296448, 41.17216738530061, 2.0),-8.602718,41.172535
1713466849000,(-8.603039659296448, 41.17216738530061, 2.0),-8.602707,41.172525
1713466853000,(-8.603039659296448, 41.17216738530061, 2.0),-8.602665,41.172493
1713466854000,(-8.603039659296448, 41.17216738530061, 2.0),-8.602653,41.172483
1713466855000,(-8.603039659296448, 41.17216738530061, 2.0),-8.602642,41.172475
1713466856000,(-8.603039659296448, 41.17216738530061, 2.0),-8.60263,41.172467
1713466857000,(-8.603039659296448, 41.17216738530061, 2.0),-8.602618,41.172457
1713466858000,(-8.603039659296448, 41.17216738530061, 2.0),-8.602605,41.17245
1713466859000,(-8.603039659296448, 41.17216738530061, 2.0),-8.60259,41.172443
1713466860000,(-8.603039659296448, 41.17216738530061, 2.0),-8.602573,41.17244
1713466861000,(-8.603039659296448, 41.17216738530061, 2.0),-8.602555,41.172438
1713466865000,(-8.603039659296448, 41.17216738530061, 2.0),-8.60249,41.172437
1713466866000,(-8.603039659296448, 41.17216738530061, 2.0),-8.602473,41.172433
1713466867000,(-8.603039659296448, 41.17216738530061, 2.0),-8.602455,41.172442
1713466868000,(-8.601845128098411, 41.17216738530061, 2.0),-8.602442,41.172448
1713466869000,(-8.601845128098411, 41.17216738530061, 2.0),-8.60243,41.172453
1713466870000,(-8.601845128098411, 41.17216738530061, 2.0),-8.602412,41.17246
1713466871000,(-8.601845128098411, 41.17216738530061, 2.0),-8.602392,41.172467
1713466872000,(-8.601845128098411, 41.17216738530061, 2.0),-8.602373,41.172465
1713466873000,(-8.601845128098411, 41.17216738530061, 2.0),-8.602355,41.172465
1713466877000,(-8.601845128098411, 41.17216738530061, 2.0),-8.602298,41.172473
1713466878000,(-8.601845128098411, 41.17216738530061, 2.0),-8.602285,41.17247
1713466879000,(-8.601845128098411, 41.17216738530061, 2.0),-8.602268,41.172472
1713466880000,(-8.601845128098411, 41.17216738530061, 2.0),-8.602255,41.172472
1713466881000,(-8.601845128098411, 41.17216738530061, 2.0),-8.60224,41.172472
1713466882000,(-8.601845128098411, 41.17216738530061, 2.0),-8.602223,41.172473
1713466883000,(-8.601845128098411, 41.17216738530061, 2.0),-8.602208,41.172473
1713466884000,(-8.601845128098411, 41.17216738530061, 2.0),-8.602188,41.172478
1713466885000,(-8.601845128098411, 41.17216738530061, 2.0),-8.602173,41.172485
1713466889000,(-8.601845128098411, 41.17216738530061, 2.0),-8.602168,41.17251
1713466890000,(-8.601845128098411, 41.17216738530061, 2.0),-8.602172,41.17251
1713466891000,(-8.601845128098411, 41.17216738530061, 2.0),-8.602172,41.172512
1713466892000,(-8.601845128098411, 41.17216738530061, 2.0),-8.602173,41.172507
1713466893000,(-8.601845128098411, 41.17216738530061, 2.0),-8.602168,41.172515
1713466894000,(-8.601845128098411, 41.17216738530061, 2.0),-8.602168,41.172515
1713466895000,(-8.601845128098411, 41.17216738530061, 2.0),-8.602152,41.172528
1713466896000,(-8.601845128098411, 41.17216738530061, 2.0),-8.602147,41.172535
1713466897000,(-8.601845128098411, 41.17216738530061, 2.0),-8.602148,41.172545
1713466898000,(-8.601845128098411, 41.17216738530061, 2.0),-8.60215,41.172557
1713466907000,(-8.601845128098411, 41.17307089713518, 2.0),-8.602175,41.172663
1713466908000,(-8.601845128098411, 41.17307089713518, 2.0),-8.602178,41.172677
